{"accuracy": 0.8387096774193549, "recall": 0.8947368421052632, "f1_score": 0.8717948717948718, "roc_auc:": 0.8223684210526315}