{"accuracy": 0.9310344827586207, "recall": 0.9444444444444444, "f1_score": 0.9444444444444444, "roc_auc": 0.9267676767676767}