{"accuracy": 0.8709677419354839, "recall": 0.9473684210526315, "f1_score": 0.9, "roc_auc:": 0.8486842105263157}