{"accuracy": 0.85, "recall": 0.8333333333333334, "f1_score": 0.8695652173913043, "roc_auc": 0.8541666666666667}